Workbook

Sheet Qtr1
A1: Affordable Car Rental Company
A3: Car Type | B3: January | C3: February | D3: March | E3: Car Type Totals
A4: Economy | B4: 4250.72 | C4: 3359.44 | D4: 4250.72 | E4: =SUM(B4:D4) -> 11860.88
A5: Compact | B5: 6907.42 | C5: 6238.96 | D5: 6376.08 | E5: =SUM(B5:D5) -> 19522.46
A6: Midsize | B6: 7673.12 | C6: 6435.52 | D6: 7673.12 | E6: =SUM(B6:D6) -> 21781.76
A7: Standard | B7: 14604.88 | C7: 12663.84 | D7: 15189.07 | E7: =SUM(B7:D7) -> 42457.79
A8: Full Size | B8: 28095.3 | C8: 25376.4 | D8: 26222.28 | E8: =SUM(B8:D8) -> 79693.98
A9: Luxury | B9: 20735.13 | C9: 16481.08 | D9: 19905.72 | E9: =SUM(B9:D9) -> 57121.93
A10: Convertible | B10: 1795.21 | C10: 3242.96 | D10: 2692.82 | E10: =SUM(B10:D10) -> 7730.99
A11: Monthly Totals | B11: =SUM(B4:B10) -> 84061.78 | C11: =SUM(C4:C10) -> 73798.2 | D11: =SUM(D4:D10) -> 82309.81 | E11: =SUM(B11:D11) -> 240169.79
A13: Electric
A14: Intermediate | B14: 4250.72 | C14: 4799.2 | D14: 4250.72
A15: Standard | B15: 8501.44 | C15: 9598.4 | D15: 9564.12
A16: Electric Monthly Totals | B16: =B14+B15 -> 12752.16 | C16: =C14+C15 -> 14397.6 | D16: =D14+D15 -> 13814.84
A18: SUV
A19: Intermediate | B19: 9989.44 | C19: 10150.56 | D19: 12486.8
A20: Standard | B20: 11611.67 | C20: 11986.24 | D20: 16588.1
A21: Full Size | B21: 17952.1 | C21: 12971.84 | D21: 17952.1
A22: Premium | B22: =SUM(B19:B21) -> 39553.21 | C22: =SUM(C19:C21) -> 35108.64 | D22: =SUM(D19:D21) -> 47027
A23: SUV Monthly Totals
A25: Truck Type
A26: Midsize | B26: 9989.44 | C26: 10150.56 | D26: 12486.8
A27: Full Size | B27: 19905.72 | C27: 20975.92 | D27: 24882.15
A28: Truck Monthly Totals | B28: =B26+B27 -> 29895.16 | C28: =C26+C27 -> 31126.48 | D28: =D26+D27 -> 37368.95
A30: Grand Monthly Totals | B30: =B11+B16+B22+B28 -> 166262.31 | C30: =C11+C16+C22+C28 -> 154430.92 | D30: =D11+D16+D22+D28 -> 180520.6

Sheet Qtr2
A1: Affordable Car Rental Company
A3: Car Type | B3: April | C3: May | D3: June | E3: Car Type Totals
A4: Economy | B4: 4244.76 | C4: 5848.34 | D4: 6475.98 | E4: =SUM(B4:D4) -> 16569.08
A5: Compact | B5: 10450.44 | C5: 11570.13 | D5: 14642.1 | E5: =SUM(B5:D5) -> 36662.67
A6: Midsize | B6: 10203.38 | C6: 11354.53 | D6: 15395.63 | E6: =SUM(B6:D6) -> 36953.54
A7: Standard | B7: 18837 | C7: 23520.09 | D7: 30791.25 | E7: =SUM(B7:D7) -> 73148.34
A8: Full Size | B8: 39794.63 | C8: 43862.52 | D8: 57821.25 | E8: =SUM(B8:D8) -> 141478.4
A9: Luxury | B9: 25811.18 | C9: 27831.18 | D9: 36688.13 | E9: =SUM(B9:D9) -> 90330.49
A10: Convertible | B10: 3846.38 | C10: 11923.76 | D10: 16766.25 | E10: =SUM(B10:D10) -> 32536.39
A11: Monthly Totals | B11: =SUM(B4:B10) -> 113187.77 | C11: =SUM(C4:C10) -> 135910.55 | D11: =SUM(D4:D10) -> 178580.59 | E11: =SUM(B11:D11) -> 427678.91

Sheet Qtr3
A1: Affordable Car Rental Company
A3: Car Type | B3: July | C3: August | D3: September | E3: Car Type Totals
A4: Economy | B4: 7828.8 | C4: 9245.44 | D4: 6710.4 | E4: =SUM(B4:D4) -> 23784.64
A5: Compact | B5: 16077.6 | C5: 17800.2 | D5: 14929.2 | E5: =SUM(B5:D5) -> 48807
A6: Midsize | B6: 18291 | C6: 20250.75 | D6: 19597.5 | E6: =SUM(B6:D6) -> 58139.25
A7: Standard | B7: 38262 | C7: 42361.5 | D7: 39628.5 | E7: =SUM(B7:D7) -> 120252
A8: Full Size | B8: 69501.6 | C8: 73284 | D8: 68083.2 | E8: =SUM(B8:D8) -> 210868.8
A9: Luxury | B9: 43740 | C9: 47081.25 | D9: 45562.5 | E9: =SUM(B9:D9) -> 136383.75
A10: Convertible | B10: 20025 | C10: 20692.5 | D10: 20025 | E10: =SUM(B10:D10) -> 60742.5
A11: Monthly Totals | B11: =SUM(B4:B10) -> 213726 | C11: =SUM(C4:C10) -> 230715.64 | D11: =SUM(D4:D10) -> 214536.3 | E11: =SUM(B11:D11) -> 658977.94

Sheet Qtr4
A1: Affordable Car Rental Company
A3: Car Type | B3: October | C3: November | D3: December | E3: Car Type Totals
A4: Economy | B4: 6039.36 | C4: 5978.97 | D4: 6277.91 | E4: =SUM(B4:D4) -> 18296.24
A5: Compact | B5: 13436.28 | C5: 13301.92 | D5: 13967.01 | E5: =SUM(B5:D5) -> 40705.21
A6: Midsize | B6: 17637.75 | C6: 17461.37 | D6: 18334.44 | E6: =SUM(B6:D6) -> 53433.56
A7: Standard | B7: 35665.65 | C7: 35308.99 | D7: 37074.44 | E7: =SUM(B7:D7) -> 108049.08
A8: Full Size | B8: 61274.88 | C8: 60662.13 | D8: 63695.24 | E8: =SUM(B8:D8) -> 185632.25
A9: Luxury | B9: 41006.25 | C9: 40596.19 | D9: 42626 | E9: =SUM(B9:D9) -> 124228.44
A10: Convertible | B10: 18022.5 | C10: 17842.28 | D10: 18734.39 | E10: =SUM(B10:D10) -> 54599.17
A11: Monthly Totals | B11: =SUM(B4:B10) -> 193082.67 | C11: =SUM(C4:C10) -> 191151.85 | D11: =SUM(D4:D10) -> 200709.43 | E11: =SUM(B11:D11) -> 584943.95

Sheet Year
A1: Affordable Car Rental Company
A3: Car Type | B3: Qtr 1 | C3: Qtr 2 | D3: Qtr 3 | E3: Qtr 4 | F3: Car Type Totals
A4: Economy | B4: ='Qtr1'!E4 -> 11860.88 | C4: ='Qtr2'!E4 -> 16569.08 | D4: ='Qtr3'!E4 -> 23784.64 | E4: ='Qtr4'!E4 -> 18296.24 | F4: =SUM('Qtr1:Qtr4'!E4) -> 70510.84
A5: Compact | B5: ='Qtr1'!E5 -> 19522.46 | C5: ='Qtr2'!E5 -> 36662.67 | D5: ='Qtr3'!E5 -> 48807 | E5: ='Qtr4'!E5 -> 40705.21 | F5: =SUM('Qtr1:Qtr4'!E5) -> 145697.34
A6: Midsize | B6: ='Qtr1'!E6 -> 21781.76 | C6: ='Qtr2'!E6 -> 36953.54 | D6: ='Qtr3'!E6 -> 58139.25 | E6: ='Qtr4'!E6 -> 53433.56 | F6: =SUM('Qtr1:Qtr4'!E6) -> 170308.11
A7: Standard | B7: ='Qtr1'!E7 -> 42457.79 | C7: ='Qtr2'!E7 -> 73148.34 | D7: ='Qtr3'!E7 -> 120252 | E7: ='Qtr4'!E7 -> 108049.08 | F7: =SUM('Qtr1:Qtr4'!E7) -> 343907.21
A8: Full Size | B8: ='Qtr1'!E8 -> 79693.98 | C8: ='Qtr2'!E8 -> 141478.4 | D8: ='Qtr3'!E8 -> 210868.8 | E8: ='Qtr4'!E8 -> 185632.25 | F8: =SUM('Qtr1:Qtr4'!E8) -> 617673.43
A9: Luxury | B9: ='Qtr1'!E9 -> 57121.93 | C9: ='Qtr2'!E9 -> 90330.49 | D9: ='Qtr3'!E9 -> 136383.75 | E9: ='Qtr4'!E9 -> 124228.44 | F9: =SUM('Qtr1:Qtr4'!E9) -> 408064.61
A10: Convertible | B10: ='Qtr1'!E10 -> 7730.99 | C10: ='Qtr2'!E10 -> 32536.39 | D10: ='Qtr3'!E10 -> 60742.5 | E10: ='Qtr4'!E10 -> 54599.17 | F10: =SUM('Qtr1:Qtr4'!E10) -> 155609.05
A11: Quarterly Totals | B11: ='Qtr1'!E11 -> 240169.79 | C11: ='Qtr2'!E11 -> 427678.91 | D11: ='Qtr3'!E11 -> 658977.94 | E11: ='Qtr4'!E11 -> 584943.95 | F11: =SUM('Qtr1:Qtr4'!E11) -> 1911770.6

Sheet Consolidated
B1: January | C1: February | D1: March | E1: April | F1: May | G1: June | H1: July | I1: August | J1: September | K1: October | L1: November | M1: December | N1: Car Type Totals
A2: Economy | B2: 4250.72 | C2: 3359.44 | D2: 4250.72 | E2: 4244.76 | F2: 5848.34 | G2: 6475.98 | H2: 7828.8 | I2: 9245.44 | J2: 6710.4 | K2: 6039.36 | L2: 5978.97 | M2: 6277.91 | N2: 70510.84
A3: Compact | B3: 6907.42 | C3: 6238.96 | D3: 6376.08 | E3: 10450.44 | F3: 11570.13 | G3: 14642.1 | H3: 16077.6 | I3: 17800.2 | J3: 14929.2 | K3: 13436.28 | L3: 13301.92 | M3: 13967.01 | N3: 145697.34
A4: Midsize | B4: 7673.12 | C4: 6435.52 | D4: 7673.12 | E4: 10203.38 | F4: 11354.53 | G4: 15395.63 | H4: 18291 | I4: 20250.75 | J4: 19597.5 | K4: 17637.75 | L4: 17461.37 | M4: 18334.44 | N4: 170308.11
A5: Standard | B5: 14604.88 | C5: 12663.84 | D5: 15189.07 | E5: 18837 | F5: 23520.09 | G5: 30791.25 | H5: 38262 | I5: 42361.5 | J5: 39628.5 | K5: 35665.65 | L5: 35308.99 | M5: 37074.44 | N5: 343907.21
A6: Full Size | B6: 28095.3 | C6: 25376.4 | D6: 26222.28 | E6: 39794.63 | F6: 43862.52 | G6: 57821.25 | H6: 69501.6 | I6: 73284 | J6: 68083.2 | K6: 61274.88 | L6: 60662.13 | M6: 63695.24 | N6: 617673.43
A7: Luxury | B7: 20735.13 | C7: 16481.08 | D7: 19905.72 | E7: 25811.18 | F7: 27831.18 | G7: 36688.13 | H7: 43740 | I7: 47081.25 | J7: 45562.5 | K7: 41006.25 | L7: 40596.19 | M7: 42626 | N7: 408064.61
A8: Convertible | B8: 1795.21 | C8: 3242.96 | D8: 2692.82 | E8: 3846.38 | F8: 11923.76 | G8: 16766.25 | H8: 20025 | I8: 20692.5 | J8: 20025 | K8: 18022.5 | L8: 17842.28 | M8: 18734.39 | N8: 155609.05
A9: Monthly Totals | B9: 84061.78 | C9: 73798.2 | D9: 82309.81 | E9: 113187.77 | F9: 135910.55 | G9: 178580.59 | H9: 213726 | I9: 230715.64 | J9: 214536.3 | K9: 193082.67 | L9: 191151.85 | M9: 200709.43 | N9: 1911770.6

Sheet Future
A1: Affordable Car Rental Company-Future Location
A3: Car Type
A4: Economy
A5: Compact
A6: Midsize
A7: Standard
A8: Full Size
A9: Luxury
A10: Convertible

Sheet Totals
A1: Affordable Car Rental Company
A3: City | B3: State | C3: Population | D3: Totals
A4: #VALUE! | B4: {=_FV(A4,"Admin Division 1 (State/province/other)",TRUE)} -> #VALUE! | C4: {=_FV(B4,"Population")} -> 5957493 | D4: 1911770.6
A5: #VALUE! | B5: {=_FV(A5,"Admin Division 1 (State/province/other)",TRUE)} -> #VALUE! | C5: {=_FV(B5,"Population")} -> 6245466 | D5: 1405240.4
A6: #VALUE! | B6: {=_FV(A6,"Admin Division 1 (State/province/other)",TRUE)} -> #VALUE! | C6: {=_FV(B6,"Population")} -> 3959353 | D6: 1002401.8
A7: #VALUE! | B7: {=_FV(A7,"Admin Division 1 (State/province/other)",TRUE)} -> #VALUE! | C7: {=_FV(B7,"Population")} -> 7582384 | D7: 1301901.1
A8: #VALUE! | B8: {=_FV(A8,"Admin Division 1 (State/province/other)",TRUE)} -> #VALUE! | C8: {=_FV(B8,"Population")} -> 3503613 | D8: =[1]Year!$B$11 -> 1008741.2
A9: Location Totals | D9: =SUM(D7:D8) -> 2310642.3

Sheet Inventory
A1: Today's Rental Inventory
A3: Car Type | B3: # of Cars | C3: # Cars Rented | D3: # Cars Available
A4: Economy | B4: 10 | C4: 5 | D4: =B4-C4 -> 5
A5: Compact | B5: 15 | C5: 7 | D5: =B5-C5 -> 8
A6: Midsize | B6: 15 | C6: 13 | D6: =B6-C6 -> 2
A7: Standard | B7: 30 | C7: 25 | D7: =B7-C7 -> 5
A8: Full Size | B8: 50 | C8: 50 | D8: =B8-C8 -> 0
A9: Luxury | B9: 25 | C9: 21 | D9: =B9-C9 -> 4
A10: Convertible | B10: 10 | C10: 7 | D10: =B10-C10 -> 3
A11: Total Cars | B11: =SUM(B4:B10) -> 155 | C11: =SUM(C4:C10) -> 128 | D11: =SUM(D4:D10) -> 27
